id,firstName,lastName,email,idCard
1,Adriena,Bellows,abellows0@deviantart.com,521-47-1930
2,Minta,Simmon,msimmon1@usatoday.com,283-13-4037
3,Christophorus,Waddams,cwaddams2@nih.gov,493-27-5107
4,Bentlee,Allewell,ballewell3@unesco.org,262-45-3580
5,Alberik,Rappa,arappa4@reference.com,293-14-9796
6,Chrissy,Garmans,cgarmans5@acquirethisname.com,896-15-5314
7,Fannie,Busfield,fbusfield6@vinaora.com,862-01-1082
8,Errick,Landis,elandis7@deliciousdays.com,529-59-7489
9,Idelle,Cartmale,icartmale8@vimeo.com,859-85-7824
10,Dolf,Southway,dsouthway9@nyu.edu,212-51-0785
11,Stanwood,Prozescky,sprozesckya@e-recht24.de,482-24-6014
12,Phylis,Vasentsov,pvasentsovb@mail.ru,824-33-4139
13,Krysta,Serris,kserrisc@phpbb.com,257-63-1649
14,Yasmin,Conradsen,yconradsend@people.com.cn,426-72-2654
15,Carling,McGiffie,cmcgiffiee@pen.io,162-43-5422
16,Art,Jaquemar,ajaquemarf@cafepress.com,139-93-1164
17,Abagael,Creaven,acreaveng@ft.com,139-94-5976
18,Elset,Skirling,eskirlingh@gravatar.com,310-24-5395
19,Tessa,Aslett,tasletti@bbb.org,617-45-8595
20,Alvin,Foxworthy,afoxworthyj@hugedomains.com,705-77-9980
21,Ramona,Maunsell,rmaunsellk@wix.com,142-69-3514
22,Querida,Slessor,qslessorl@reference.com,644-41-4459
23,Merill,Pettiward,mpettiwardm@shareasale.com,226-68-7322
24,Sherwood,Zeale,szealen@java.com,773-13-5450
25,Bonnee,Fuster,bfustero@tinypic.com,681-42-0626
26,Laurie,Kiljan,lkiljanp@stumbleupon.com,138-22-4301
27,Kip,Barthram,kbarthramq@scientificamerican.com,238-32-5213
28,Kendrick,Huitt,khuittr@utexas.edu,440-65-9959
29,Darlleen,Gilbank,dgilbanks@whitehouse.gov,202-79-2096
30,Horace,Bolsteridge,hbolsteridget@flickr.com,288-14-0173
31,Hersh,Featherbie,hfeatherbieu@nba.com,295-57-3083
32,Andrew,Veel,aveelv@myspace.com,699-14-9131
33,Skell,Portress,sportressw@businesswire.com,732-83-7222
34,Dixie,Hailwood,dhailwoodx@issuu.com,331-75-6221
35,Jeannie,Maybery,jmayberyy@51.la,387-08-5143
36,Clement,Whaplington,cwhaplingtonz@cpanel.net,635-20-3736
37,Lynna,Mould,lmould10@scientificamerican.com,489-05-4654
38,Padraig,Twells,ptwells11@youtube.com,336-42-3347
39,Kerk,St Ledger,kstledger12@yellowpages.com,522-61-5850
40,Raynard,Cheasman,rcheasman13@t-online.de,477-99-1457
41,Samuel,Colam,scolam14@google.ru,716-83-7744
42,Daloris,Press,dpress15@i2i.jp,776-88-7713
43,Karlie,Fawcus,kfawcus16@cam.ac.uk,783-64-9595
44,Gal,Assard,gassard17@wunderground.com,106-94-8998
45,Erminia,MacGraith,emacgraith18@shutterfly.com,449-66-2178
46,Gabriel,Worms,gworms19@xing.com,349-98-1722
47,Sherry,Theobold,stheobold1a@va.gov,258-42-5802
48,Reynard,Wisdom,rwisdom1b@over-blog.com,214-36-7270
49,Jessee,Murrum,jmurrum1c@list-manage.com,357-35-4977
50,Barbaraanne,Badby,bbadby1d@marketwatch.com,643-10-2816
